,predicted::blockchain_engineer,predicted::business_intelligence_analyst,predicted::computer_and_information_research_scientist,predicted::computer_and_information_systems_manager,predicted::computer_network_architect,predicted::computer_network_support_specialist,predicted::computer_programmer,predicted::computer_systems_analyst,predicted::computer_systems_engineer_architect,predicted::computer_user_support_specialist,predicted::data_scientist,predicted::data_warehousing_specialist,predicted::database_administrator,predicted::database_architect,predicted::digital_forensics_analyst,predicted::information_security_analyst,predicted::information_security_engineer,predicted::it_project_manager,predicted::network_and_systems_administrator,predicted::penetration_tester,predicted::software_developer,predicted::software_qa_analyst_tester,predicted::telecommunications_engineering_specialist,predicted::video_game_designer,predicted::web_administrator,predicted::web_and_digital_interface_designer,predicted::web_developer
actual::blockchain_engineer,0,0,0,0,0,0,0,0,0,0,0,0,0,0,0,0,0,0,0,0,1,0,0,0,0,0,0
actual::business_intelligence_analyst,0,83,0,0,0,0,0,5,1,0,1,0,0,0,0,0,0,0,0,0,0,0,0,0,0,0,0
actual::computer_and_information_research_scientist,0,0,0,0,0,0,0,0,0,0,0,0,0,0,0,0,0,0,0,0,0,0,0,0,0,0,0
actual::computer_and_information_systems_manager,0,0,0,14,1,0,0,3,5,2,0,0,0,1,0,0,0,2,1,0,1,0,0,0,0,0,0
actual::computer_network_architect,0,0,0,0,12,0,0,1,7,0,0,0,0,0,0,0,0,0,0,0,0,0,0,0,0,0,0
actual::computer_network_support_specialist,0,0,0,0,0,2,0,0,0,1,0,0,0,0,0,0,0,0,1,0,0,0,0,0,0,0,0
actual::computer_programmer,0,0,0,0,0,0,3,1,2,0,0,0,0,0,0,0,1,0,1,0,1,0,0,0,0,0,0
actual::computer_systems_analyst,0,10,0,1,0,0,0,154,11,1,0,0,0,1,1,0,0,3,5,0,5,0,0,0,0,0,0
actual::computer_systems_engineer_architect,0,0,0,0,6,0,0,12,552,3,4,0,2,3,0,3,1,4,28,0,38,3,0,0,0,0,0
actual::computer_user_support_specialist,0,0,0,0,0,0,0,1,4,90,0,0,1,0,0,0,0,1,4,0,2,0,0,0,0,0,0
actual::data_scientist,0,0,0,0,0,0,0,0,0,0,77,0,0,0,0,0,0,0,0,0,2,0,0,0,0,0,0
actual::data_warehousing_specialist,0,2,0,0,0,0,0,1,0,0,0,6,1,3,0,0,0,0,0,0,0,0,0,0,0,0,0
actual::database_administrator,0,1,0,0,0,0,0,0,2,0,0,1,63,0,0,0,0,0,1,0,1,0,0,0,0,0,0
actual::database_architect,0,3,0,0,0,0,0,0,3,0,0,0,4,26,0,0,0,0,0,0,2,0,0,0,0,0,0
actual::digital_forensics_analyst,0,0,0,0,0,0,0,0,0,0,0,0,0,0,2,0,0,0,0,0,0,0,0,0,0,0,0
actual::information_security_analyst,0,0,0,0,0,0,0,0,1,0,0,0,0,0,0,42,3,1,1,0,0,0,0,0,0,0,0
actual::information_security_engineer,0,0,0,0,0,0,0,0,1,0,0,0,0,0,0,7,26,0,0,0,0,0,0,0,0,0,0
actual::it_project_manager,0,1,0,1,0,0,0,2,6,0,1,0,0,0,0,2,0,92,0,0,3,0,0,0,0,0,0
actual::network_and_systems_administrator,0,0,0,2,1,0,0,6,12,5,0,0,0,0,0,2,0,1,87,0,1,0,0,0,0,0,0
actual::penetration_tester,0,0,0,0,0,0,0,0,0,0,0,0,0,0,0,1,1,0,0,0,1,0,0,0,0,0,0
actual::software_developer,0,6,0,0,0,0,0,9,44,2,6,1,1,1,0,0,2,2,2,0,1015,6,0,1,0,1,18
actual::software_qa_analyst_tester,0,2,0,0,0,0,0,3,2,0,0,0,1,0,0,0,0,2,0,0,5,55,0,0,0,0,0
actual::telecommunications_engineering_specialist,0,0,0,0,0,0,0,0,1,0,0,0,0,0,0,0,0,0,0,0,0,0,2,0,0,0,0
actual::video_game_designer,0,0,0,0,0,0,0,0,0,0,0,0,0,0,0,0,0,0,0,0,0,0,0,3,0,1,0
actual::web_administrator,0,0,0,0,0,0,0,0,0,0,0,0,0,0,0,0,0,0,0,0,1,0,0,0,1,0,0
actual::web_and_digital_interface_designer,0,0,0,0,0,0,0,0,0,0,0,0,0,0,0,0,0,0,0,0,2,0,0,0,0,55,0
actual::web_developer,0,0,0,1,0,0,0,0,0,0,0,0,0,1,0,0,0,0,0,0,18,0,0,0,0,1,34
