Code,Occupation,Categories
13-2011.00,Accountants and Auditors,Rapid Growth; Numerous Job Openings
15-2011.00,Actuaries,Rapid Growth
29-1291.00,Acupuncturists,Rapid Growth
29-1141.01,Acute Care Nurses,Rapid Growth; Numerous Job Openings
11-3012.00,Administrative Services Managers,Rapid Growth
29-1141.02,Advanced Practice Psychiatric Nurses,Rapid Growth; Numerous Job Openings
17-3021.00,Aerospace Engineering and Operations Technologists and Technicians,Rapid Growth
17-2011.00,Aerospace Engineers,Rapid Growth
13-1011.00,"Agents and Business Managers of Artists, Performers, and Athletes",Rapid Growth
17-2021.00,Agricultural Engineers,Rapid Growth
45-2091.00,Agricultural Equipment Operators,Rapid Growth
53-1041.00,Aircraft Cargo Handling Supervisors,Rapid Growth
53-6032.00,Aircraft Service Attendants,Rapid Growth
39-3091.00,Amusement and Recreation Attendants,Numerous Job Openings
29-1071.01,Anesthesiologist Assistants,Rapid Growth
39-2021.00,Animal Caretakers,Rapid Growth
19-1011.00,Animal Scientists,Rapid Growth
39-2011.00,Animal Trainers,Rapid Growth
29-1129.01,Art Therapists,Rapid Growth
51-2099.00,"Assemblers and Fabricators, All Other",Numerous Job Openings
27-2021.00,Athletes and Sports Competitors,Rapid Growth
29-9091.00,Athletic Trainers,Rapid Growth
29-1181.00,Audiologists,Rapid Growth
49-2097.00,Audiovisual Equipment Installers and Repairers,Rapid Growth
17-2141.02,Automotive Engineers,Rapid Growth
49-2091.00,Avionics Technicians,Rapid Growth
51-3011.00,Bakers,Rapid Growth
35-3023.01,Baristas,Rapid Growth; Numerous Job Openings
35-3011.00,Bartenders,Rapid Growth; Numerous Job Openings
19-1021.00,Biochemists and Biophysicists,Rapid Growth
17-2031.00,Bioengineers and Biomedical Engineers,Rapid Growth
25-1042.00,"Biological Science Teachers, Postsecondary",Rapid Growth
15-2041.01,Biostatisticians,Rapid Growth
15-1299.07,Blockchain Engineers,Rapid Growth; New and Emerging
43-3031.00,"Bookkeeping, Accounting, and Auditing Clerks",Numerous Job Openings
11-9199.11,Brownfield Redevelopment Specialists and Site Managers,Rapid Growth; Numerous Job Openings
13-1199.04,Business Continuity Planners,Numerous Job Openings
15-2051.01,Business Intelligence Analysts,Rapid Growth
13-1199.00,"Business Operations Specialists, All Other",Numerous Job Openings
25-1011.00,"Business Teachers, Postsecondary",Rapid Growth
13-1021.00,"Buyers and Purchasing Agents, Farm Products",Rapid Growth
17-3028.00,Calibration Technologists and Technicians,Rapid Growth
43-5011.00,Cargo and Freight Agents,Rapid Growth
47-2031.00,Carpenters,Rapid Growth
17-1021.00,Cartographers and Photogrammetrists,Rapid Growth
41-2011.00,Cashiers,Numerous Job Openings
35-1011.00,Chefs and Head Cooks,Rapid Growth
19-2031.00,Chemists,Rapid Growth
39-9011.00,Childcare Workers,Numerous Job Openings
29-1011.00,Chiropractors,Rapid Growth
27-2032.00,Choreographers,Rapid Growth
17-2051.00,Civil Engineers,Rapid Growth
19-3033.00,Clinical and Counseling Psychologists,Rapid Growth
15-2051.02,Clinical Data Managers,Rapid Growth
29-1141.04,Clinical Nurse Specialists,Rapid Growth; Numerous Job Openings
27-2022.00,Coaches and Scouts,Rapid Growth
49-9092.00,Commercial Divers,Rapid Growth
53-2012.00,Commercial Pilots,Rapid Growth
21-1099.00,"Community and Social Service Specialists, All Other",Rapid Growth
21-1094.00,Community Health Workers,Rapid Growth
13-1141.00,"Compensation, Benefits, and Job Analysis Specialists",Rapid Growth
11-9199.02,Compliance Managers,Rapid Growth; Numerous Job Openings
15-1221.00,Computer and Information Research Scientists,Rapid Growth
11-3021.00,Computer and Information Systems Managers,Rapid Growth
17-2061.00,Computer Hardware Engineers,Rapid Growth
15-1241.00,Computer Network Architects,Rapid Growth
51-9162.00,Computer Numerically Controlled Tool Programmers,Rapid Growth
15-1299.00,"Computer Occupations, All Other",Rapid Growth
25-1021.00,"Computer Science Teachers, Postsecondary",Rapid Growth
15-1211.00,Computer Systems Analysts,Rapid Growth
15-1299.08,Computer Systems Engineers/Architects,Rapid Growth
47-2061.00,Construction Laborers,Rapid Growth; Numerous Job Openings
11-9021.00,Construction Managers,Rapid Growth
35-2019.00,"Cooks, All Other",Rapid Growth
35-2011.00,"Cooks, Fast Food",Numerous Job Openings
35-2013.00,"Cooks, Private Household",Rapid Growth
35-2014.00,"Cooks, Restaurant",Rapid Growth; Numerous Job Openings
51-9193.00,Cooling and Freezing Equipment Operators and Tenders,Rapid Growth
39-3092.00,Costume Attendants,Rapid Growth
21-1019.00,"Counselors, All Other",Rapid Growth
43-5021.00,Couriers and Messengers,Rapid Growth
29-1141.03,Critical Care Nurses,Rapid Growth; Numerous Job Openings
25-4012.00,Curators,Rapid Growth
43-4051.00,Customer Service Representatives,Numerous Job Openings
27-2031.00,Dancers,Rapid Growth
15-2051.00,Data Scientists,Rapid Growth
15-1243.01,Data Warehousing Specialists,Rapid Growth
15-1243.00,Database Architects,Rapid Growth
31-9091.00,Dental Assistants,Rapid Growth
29-1292.00,Dental Hygienists,Rapid Growth
29-1213.00,Dermatologists,Rapid Growth
29-2032.00,Diagnostic Medical Sonographers,Rapid Growth
29-1031.00,Dietitians and Nutritionists,Rapid Growth
15-1299.06,Digital Forensics Analysts,Rapid Growth; New and Emerging
35-9011.00,Dining Room and Cafeteria Attendants and Bartender Helpers,Rapid Growth; Numerous Job Openings
35-9021.00,Dishwashers,Numerous Job Openings
15-1299.03,Document Management Specialists,Rapid Growth
53-3031.00,Driver/Sales Workers,Rapid Growth
51-2022.00,Electrical and Electronic Equipment Assemblers,Rapid Growth
49-2093.00,"Electrical and Electronics Installers and Repairers, Transportation Equipment",Rapid Growth
49-2095.00,"Electrical and Electronics Repairers, Powerhouse, Substation, and Relay",Rapid Growth
17-2071.00,Electrical Engineers,Rapid Growth
49-9051.00,Electrical Power-Line Installers and Repairers,Rapid Growth
47-2111.00,Electricians,Rapid Growth; Numerous Job Openings
51-2023.00,Electromechanical Equipment Assemblers,Rapid Growth
17-2072.00,"Electronics Engineers, Except Computer",Rapid Growth
25-2021.00,"Elementary School Teachers, Except Special Education",Numerous Job Openings
47-4021.00,Elevator and Escalator Installers and Repairers,Rapid Growth
29-2042.00,Emergency Medical Technicians,Rapid Growth
25-1032.00,"Engineering Teachers, Postsecondary",Rapid Growth
27-2099.00,"Entertainers and Performers, Sports and Related Workers, All Other",Rapid Growth
11-9072.00,"Entertainment and Recreation Managers, Except Gambling",Rapid Growth
19-1041.00,Epidemiologists,Rapid Growth
29-1128.00,Exercise Physiologists,Rapid Growth
39-9031.00,Exercise Trainers and Group Fitness Instructors,Rapid Growth
49-3041.00,Farm Equipment Mechanics and Service Technicians,Rapid Growth
13-1074.00,Farm Labor Contractors,Rapid Growth
11-9013.00,"Farmers, Ranchers, and Other Agricultural Managers",Numerous Job Openings
35-3023.00,Fast Food and Counter Workers,Rapid Growth; Numerous Job Openings
47-4031.00,Fence Erectors,Rapid Growth
13-2051.00,Financial and Investment Analysts,Rapid Growth
13-2061.00,Financial Examiners,Rapid Growth
11-3031.00,Financial Managers,Rapid Growth
13-2054.00,Financial Risk Specialists,Rapid Growth
47-1011.00,First-Line Supervisors of Construction Trades and Extraction Workers,Rapid Growth
39-1014.00,"First-Line Supervisors of Entertainment and Recreation Workers, Except Gambling Services",Rapid Growth
35-1012.00,First-Line Supervisors of Food Preparation and Serving Workers,Rapid Growth; Numerous Job Openings
43-1011.00,First-Line Supervisors of Office and Administrative Support Workers,Numerous Job Openings
39-1022.00,First-Line Supervisors of Personal Service Workers,Rapid Growth
41-1011.00,First-Line Supervisors of Retail Sales Workers,Numerous Job Openings
11-9179.01,Fitness and Wellness Coordinators,Rapid Growth
53-2031.00,Flight Attendants,Rapid Growth
47-2042.00,"Floor Layers, Except Carpet, Wood, and Hard Tiles",Rapid Growth
51-3092.00,Food Batchmakers,Rapid Growth
35-9099.00,"Food Preparation and Serving Related Workers, All Other",Rapid Growth
35-2021.00,Food Preparation Workers,Numerous Job Openings
51-3099.00,"Food Processing Workers, All Other",Rapid Growth
19-4013.00,Food Science Technicians,Rapid Growth
19-1012.00,Food Scientists and Technologists,Rapid Growth
11-9051.00,Food Service Managers,Rapid Growth
19-4092.00,Forensic Science Technicians,Rapid Growth
33-2022.00,Forest Fire Inspectors and Prevention Specialists,Rapid Growth
43-5011.01,Freight Forwarders,Rapid Growth
17-2141.01,Fuel Cell Engineers,Rapid Growth
11-1021.00,General and Operations Managers,Numerous Job Openings
29-9092.00,Genetic Counselors,Rapid Growth
15-1299.02,Geographic Information Systems Technologists and Technicians,Rapid Growth
51-9195.04,"Glass Blowers, Molders, Benders, and Finishers",Rapid Growth
39-5012.00,"Hairdressers, Hairstylists, and Cosmetologists",Rapid Growth; Numerous Job Openings
21-1091.00,Health Education Specialists,Rapid Growth
15-1211.01,Health Informatics Specialists,Rapid Growth
29-9021.00,Health Information Technologists and Medical Registrars,Rapid Growth
25-1071.00,"Health Specialties Teachers, Postsecondary",Rapid Growth
29-2099.00,"Health Technologists and Technicians, All Other",Rapid Growth
21-1022.00,Healthcare Social Workers,Rapid Growth
29-2092.00,Hearing Aid Specialists,Rapid Growth
49-9021.00,"Heating, Air Conditioning, and Refrigeration Mechanics and Installers",Rapid Growth
53-3032.00,Heavy and Tractor-Trailer Truck Drivers,Numerous Job Openings
47-3012.00,Helpers--Carpenters,Rapid Growth
47-3015.00,"Helpers--Pipelayers, Plumbers, Pipefitters, and Steamfitters",Rapid Growth
47-3016.00,Helpers--Roofers,Rapid Growth
31-1121.00,Home Health Aides,Rapid Growth; Numerous Job Openings
35-9031.00,"Hosts and Hostesses, Restaurant, Lounge, and Coffee Shop",Numerous Job Openings
17-2112.01,Human Factors Engineers and Ergonomists,Rapid Growth
11-3121.00,Human Resources Managers,Rapid Growth
13-1071.00,Human Resources Specialists,Rapid Growth; Numerous Job Openings
17-2112.00,Industrial Engineers,Rapid Growth
49-9041.00,Industrial Machinery Mechanics,Rapid Growth
53-7051.00,Industrial Truck and Tractor Operators,Numerous Job Openings
19-3032.00,Industrial-Organizational Psychologists,Rapid Growth
15-1212.00,Information Security Analysts,Rapid Growth
15-1299.05,Information Security Engineers,Rapid Growth; New and Emerging
15-1299.09,Information Technology Project Managers,Rapid Growth
47-2132.00,"Insulation Workers, Mechanical",Rapid Growth
11-3031.03,Investment Fund Managers,Rapid Growth
37-2011.00,"Janitors and Cleaners, Except Maids and Housekeeping Cleaners",Numerous Job Openings
53-7062.00,"Laborers and Freight, Stock, and Material Movers, Hand",Numerous Job Openings
37-3011.00,Landscaping and Groundskeeping Workers,Numerous Job Openings
51-6011.00,Laundry and Dry-Cleaning Workers,Rapid Growth
33-9092.00,"Lifeguards, Ski Patrol, and Other Recreational Protective Service Workers",Rapid Growth
53-3033.00,Light Truck Drivers,Rapid Growth; Numerous Job Openings
39-3093.00,"Locker Room, Coatroom, and Dressing Room Attendants",Rapid Growth
13-1081.00,Logisticians,Rapid Growth
13-1081.02,Logistics Analysts,Rapid Growth
13-1081.01,Logistics Engineers,Rapid Growth
11-9199.08,Loss Prevention Managers,Rapid Growth; Numerous Job Openings
29-1122.01,"Low Vision Therapists, Orientation and Mobility Specialists, and Vision Rehabilitation Therapists",Rapid Growth
29-2035.00,Magnetic Resonance Imaging Technologists,Rapid Growth
37-2012.00,Maids and Housekeeping Cleaners,Numerous Job Openings
49-9071.00,"Maintenance and Repair Workers, General",Numerous Job Openings
39-5091.00,"Makeup Artists, Theatrical and Performance",Rapid Growth
13-1111.00,Management Analysts,Rapid Growth; Numerous Job Openings
11-9199.00,"Managers, All Other",Rapid Growth; Numerous Job Openings
39-5092.00,Manicurists and Pedicurists,Rapid Growth
49-9095.00,Manufactured Building and Mobile Home Installers,Rapid Growth
17-2112.03,Manufacturing Engineers,Rapid Growth
17-2121.00,Marine Engineers and Naval Architects,Rapid Growth
13-1161.00,Market Research Analysts and Marketing Specialists,Rapid Growth; Numerous Job Openings
11-2021.00,Marketing Managers,Rapid Growth
21-1013.00,Marriage and Family Therapists,Rapid Growth
31-9011.00,Massage Therapists,Rapid Growth
17-2131.00,Materials Engineers,Rapid Growth
19-2032.00,Materials Scientists,Rapid Growth
51-3022.00,"Meat, Poultry, and Fish Cutters and Trimmers",Rapid Growth
49-9011.00,Mechanical Door Repairers,Rapid Growth
17-2141.00,Mechanical Engineers,Rapid Growth
27-2012.03,Media Programming Directors,Rapid Growth
27-2012.05,Media Technical Directors/Managers,Rapid Growth
11-9111.00,Medical and Health Services Managers,Rapid Growth
31-9092.00,Medical Assistants,Rapid Growth; Numerous Job Openings
31-9093.00,Medical Equipment Preparers,Rapid Growth
49-9062.00,Medical Equipment Repairers,Rapid Growth
29-2072.00,Medical Records Specialists,Rapid Growth
19-1042.00,"Medical Scientists, Except Epidemiologists",Rapid Growth
43-6013.00,Medical Secretaries and Administrative Assistants,Numerous Job Openings
13-1121.00,"Meeting, Convention, and Event Planners",Rapid Growth
21-1023.00,Mental Health and Substance Abuse Social Workers,Rapid Growth
21-1014.00,Mental Health Counselors,Rapid Growth
49-3042.00,"Mobile Heavy Equipment Mechanics, Except Engines",Rapid Growth
51-9195.00,"Molders, Shapers, and Casters, Except Metal and Plastic",Rapid Growth
53-3099.00,"Motor Vehicle Operators, All Other",Rapid Growth
49-3051.00,Motorboat Mechanics and Service Technicians,Rapid Growth
49-3052.00,Motorcycle Mechanics,Rapid Growth
25-4013.00,Museum Technicians and Conservators,Rapid Growth
29-1129.02,Music Therapists,Rapid Growth
39-9011.01,Nannies,Numerous Job Openings
29-2099.01,Neurodiagnostic Technologists,Rapid Growth
29-1217.00,Neurologists,Rapid Growth
29-1151.00,Nurse Anesthetists,Rapid Growth
29-1161.00,Nurse Midwives,Rapid Growth
29-1171.00,Nurse Practitioners,Rapid Growth
31-1131.00,Nursing Assistants,Numerous Job Openings
25-1072.00,"Nursing Instructors and Teachers, Postsecondary",Rapid Growth
19-5011.00,Occupational Health and Safety Specialists,Rapid Growth
19-5012.00,Occupational Health and Safety Technicians,Rapid Growth
29-1122.00,Occupational Therapists,Rapid Growth
31-2011.00,Occupational Therapy Assistants,Rapid Growth
43-9061.00,"Office Clerks, General",Numerous Job Openings
13-1199.06,Online Merchants,Numerous Job Openings
15-2031.00,Operations Research Analysts,Rapid Growth
29-2057.00,Ophthalmic Medical Technicians,Rapid Growth
29-2099.05,Ophthalmic Medical Technologists,Rapid Growth
29-1041.00,Optometrists,Rapid Growth
29-2091.00,Orthotists and Prosthetists,Rapid Growth
51-9111.00,Packaging and Filling Machine Operators and Tenders,Rapid Growth
47-2142.00,Paperhangers,Rapid Growth
29-2043.00,Paramedics,Rapid Growth
53-6061.00,Passenger Attendants,Rapid Growth
29-2099.08,Patient Representatives,Rapid Growth
15-1299.04,Penetration Testers,Rapid Growth; New and Emerging
31-1122.00,Personal Care Aides,Rapid Growth; Numerous Job Openings
39-9099.00,"Personal Care and Service Workers, All Other",Rapid Growth
13-2052.00,Personal Financial Advisors,Rapid Growth
11-9179.00,"Personal Service Managers, All Other",Rapid Growth
37-2021.00,Pest Control Workers,Rapid Growth
29-1051.00,Pharmacists,Rapid Growth
29-2052.00,Pharmacy Technicians,Rapid Growth
31-9097.00,Phlebotomists,Rapid Growth
31-2021.00,Physical Therapist Assistants,Rapid Growth
29-1123.00,Physical Therapists,Rapid Growth
29-1071.00,Physician Assistants,Rapid Growth
47-2152.00,"Plumbers, Pipefitters, and Steamfitters",Rapid Growth
51-9195.05,"Potters, Manufacturing",Rapid Growth
33-9021.00,Private Detectives and Investigators,Rapid Growth
27-2012.00,Producers and Directors,Rapid Growth
13-1082.00,Project Management Specialists,Rapid Growth; Numerous Job Openings
29-1024.00,Prosthodontists,Rapid Growth
29-2053.00,Psychiatric Technicians,Rapid Growth
29-1223.00,Psychiatrists,Rapid Growth
11-2032.00,Public Relations Managers,Rapid Growth
27-3031.00,Public Relations Specialists,Rapid Growth
13-1023.00,"Purchasing Agents, Except Wholesale, Retail, and Farm Products",Rapid Growth
17-2072.01,Radio Frequency Identification Device Specialists,Rapid Growth
49-2021.00,"Radio, Cellular, and Tower Equipment Installers and Repairers",Rapid Growth
43-4171.00,Receptionists and Information Clerks,Numerous Job Openings
49-3092.00,Recreational Vehicle Service Technicians,Rapid Growth
53-7062.04,Recycling and Reclamation Workers,Numerous Job Openings
29-1141.00,Registered Nurses,Rapid Growth; Numerous Job Openings
11-9199.01,Regulatory Affairs Managers,Rapid Growth; Numerous Job Openings
47-2171.00,Reinforcing Iron and Rebar Workers,Rapid Growth
29-1126.00,Respiratory Therapists,Rapid Growth
41-2031.00,Retail Salespersons,Numerous Job Openings
47-2181.00,Roofers,Rapid Growth
41-9031.00,Sales Engineers,Rapid Growth
11-2022.00,Sales Managers,Rapid Growth
41-3091.00,"Sales Representatives of Services, Except Advertising, Insurance, Financial Services, and Travel",Numerous Job Openings
41-4012.00,"Sales Representatives, Wholesale and Manufacturing, Except Technical and Scientific Products",Numerous Job Openings
13-1161.01,Search Marketing Strategists,Rapid Growth; Numerous Job Openings
43-6014.00,"Secretaries and Administrative Assistants, Except Legal, Medical, and Executive",Numerous Job Openings
49-2098.00,Security and Fire Alarm Systems Installers,Rapid Growth
33-9032.00,Security Guards,Numerous Job Openings
13-1199.07,Security Management Specialists,Numerous Job Openings
51-9141.00,Semiconductor Processing Technicians,Rapid Growth
47-4071.00,Septic Tank Servicers and Sewer Pipe Cleaners,Rapid Growth
39-5093.00,Shampooers,Rapid Growth
53-3053.00,Shuttle Drivers and Chauffeurs,Rapid Growth
39-5094.00,Skincare Specialists,Rapid Growth
11-9151.00,Social and Community Service Managers,Rapid Growth
21-1093.00,Social and Human Service Assistants,Rapid Growth
15-1252.00,Software Developers,Rapid Growth; Numerous Job Openings
15-1253.00,Software Quality Assurance Analysts and Testers,Rapid Growth
19-1013.00,Soil and Plant Scientists,Rapid Growth
47-1011.03,Solar Energy Installation Managers,Rapid Growth
47-2231.00,Solar Photovoltaic Installers,Rapid Growth
47-2152.04,Solar Thermal Installers and Technicians,Rapid Growth
11-9179.02,Spa Managers,Rapid Growth
29-1127.00,Speech-Language Pathologists,Rapid Growth
15-2041.00,Statisticians,Rapid Growth
53-7065.00,Stockers and Order Fillers,Rapid Growth; Numerous Job Openings
51-9195.03,"Stone Cutters and Carvers, Manufacturing",Rapid Growth
21-1011.00,Substance Abuse and Behavioral Disorder Counselors,Rapid Growth
11-3071.04,Supply Chain Managers,Rapid Growth
29-9093.00,Surgical Assistants,Rapid Growth
29-2055.00,Surgical Technologists,Rapid Growth
17-3031.00,Surveying and Mapping Technicians,Rapid Growth
13-1199.05,Sustainability Specialists,Numerous Job Openings
27-2012.04,Talent Directors,Rapid Growth
13-2082.00,Tax Preparers,Rapid Growth
53-3054.00,Taxi Drivers,Rapid Growth
51-2092.00,Team Assemblers,Numerous Job Openings
15-1241.01,Telecommunications Engineering Specialists,Rapid Growth
29-1129.00,"Therapists, All Other",Rapid Growth
47-2044.00,Tile and Stone Setters,Rapid Growth
49-3093.00,Tire Repairers and Changers,Rapid Growth
39-7011.00,Tour Guides and Escorts,Rapid Growth
11-3131.00,Training and Development Managers,Rapid Growth
13-1151.00,Training and Development Specialists,Rapid Growth
17-2051.01,Transportation Engineers,Rapid Growth
11-3071.00,"Transportation, Storage, and Distribution Managers",Rapid Growth
39-7012.00,Travel Guides,Rapid Growth
11-3031.01,Treasurers and Controllers,Rapid Growth
27-2023.00,"Umpires, Referees, and Other Sports Officials",Rapid Growth
17-2112.02,Validation Engineers,Rapid Growth
29-1131.00,Veterinarians,Rapid Growth
31-9096.00,Veterinary Assistants and Laboratory Animal Caretakers,Rapid Growth
29-2056.00,Veterinary Technologists and Technicians,Rapid Growth
15-1255.01,Video Game Designers,Rapid Growth
35-3031.00,Waiters and Waitresses,Numerous Job Openings
17-2051.02,Water/Wastewater Engineers,Rapid Growth
15-1299.01,Web Administrators,Rapid Growth
15-1255.00,Web and Digital Interface Designers,Rapid Growth
15-1254.00,Web Developers,Rapid Growth
13-1022.00,"Wholesale and Retail Buyers, Except Farm Products",Rapid Growth
11-9199.10,Wind Energy Development Managers,Rapid Growth; Numerous Job Openings
11-9199.09,Wind Energy Operations Managers,Rapid Growth; Numerous Job Openings
49-9081.00,Wind Turbine Service Technicians,Rapid Growth
